,index,Room_T,RH,Teff,actual,predicted
0,182,22,30,24.2,0.0,0.04
1,2590,27,90,30.2,0.0,0.64
2,910,30,50,30.0,0.0,0.1
3,70,30,30,30.0,0.0,0.03
4,2394,27,85,29.7,0.0,0.48
5,924,29,50,29.0,0.0,0.1
6,2814,25,95,28.8,0.0,0.28
7,2226,26,80,28.7,0.0,0.35
8,2618,25,90,28.3,0.0,0.18
9,98,28,30,28.0,0.0,0.02
10,3038,23,100,28.0,0.0,0.28
11,728,28,45,28.0,0.0,0.1
12,2842,23,95,27.6,0.0,0.2
13,2240,25,80,27.5,0.0,0.13
14,2436,24,85,27.2,0.0,0.15
15,2856,22,95,27.0,0.0,0.22
16,322,27,35,27.0,0.0,0.05
17,2450,23,85,26.6,0.0,0.13
18,3080,20,100,26.2,0.0,0.25
19,1190,25,55,25.5,0.0,0.1
20,2268,23,80,25.5,0.0,0.33
21,196,21,30,24.4,0.0,0.03
22,2506,35,90,41.9,0.0,0.07
23,392,22,35,23.6,0.0,0.01
24,1652,22,65,23.4,0.0,0.34
25,616,21,40,22.8,0.0,0.04
26,1988,28,75,30.7,0.0,0.19
27,826,21,45,21.9,0.0,0.27
28,896,31,50,31.0,0.0,0.1
29,476,31,40,31.0,0.0,0.1
30,2940,30,100,37.7,0.0,0.14
31,2730,31,95,37.7,0.0,0.14
32,2324,32,85,37.6,0.0,0.07
33,1918,33,75,37.0,0.0,0.04
34,2142,32,80,36.9,0.0,0.05
35,2954,29,100,36.9,0.0,0.13
36,1260,35,60,36.7,0.0,0.01
37,2548,30,90,36.1,0.0,0.11
38,2156,31,80,35.5,0.0,0.08
39,840,35,50,35.0,0.0,0.08
40,1288,33,60,34.5,0.0,0.06
41,1512,32,65,34.1,0.0,0.07
42,224,34,35,34.0,0.0,0.08
43,14,34,30,34.0,0.0,0.03
44,2968,28,100,33.8,0.0,0.58
45,1078,33,55,33.7,0.0,0.1
46,1302,32,60,33.4,0.0,0.1
47,868,33,50,33.0,0.0,0.1
48,1526,31,65,32.9,0.0,0.1
49,2576,28,90,32.5,0.0,0.5
50,882,32,50,32.0,0.0,0.1
51,252,32,35,32.0,0.0,0.08
52,672,32,45,32.0,0.0,0.1
53,1106,31,55,31.6,0.0,0.1
54,1330,30,60,31.2,0.0,0.1
55,686,31,45,31.0,0.0,0.1
56,1246,21,55,21.7,0.0,0.51
57,2702,35,95,42.7,0.0,0.09
58,1037,21,50,20.7,0.1,0.78
59,1835,24,70,25.5,0.1,0.2
60,1373,27,60,27.4,0.1,0.15
61,1583,27,65,27.9,0.1,0.21
62,1709,33,70,35.5,0.1,0.07
63,1639,23,65,24.0,0.1,0.35
64,3081,20,100,26.0,0.1,0.15
65,295,29,35,28.4,0.1,0.09
66,1457,21,60,21.7,0.1,0.63
67,1793,27,70,28.3,0.1,0.27
68,1387,26,60,26.5,0.1,0.12
69,743,27,45,26.5,0.1,0.1
70,2843,23,95,27.3,0.1,0.23
71,1079,33,55,33.2,0.1,0.1
72,2577,28,90,32.1,0.1,0.55
73,2633,24,90,27.5,0.1,0.22
74,1499,33,65,34.7,0.1,0.06
75,1779,28,70,29.6,0.1,0.26
76,113,27,30,26.4,0.1,0.02
77,2451,23,85,26.4,0.1,0.18
78,141,25,30,24.6,0.1,0.01
79,1,35,30,34.3,0.1,0.06
80,2479,21,85,25.2,0.1,0.13
81,253,32,35,31.4,0.1,0.1
82,463,32,40,31.4,0.1,0.1
83,533,27,40,26.5,0.1,0.1
84,1093,32,55,32.2,0.1,0.1
85,995,24,50,23.9,0.1,0.26
86,1359,28,60,28.5,0.1,0.12
87,1009,23,50,22.7,0.1,0.45
88,2507,35,90,41.3,0.1,0.1
89,2213,27,80,29.5,0.1,0.39
90,15,34,30,33.3,0.1,0.06
91,2675,21,90,25.7,0.1,0.13
92,2913,32,100,39.7,0.1,0.14
93,701,30,45,29.4,0.1,0.1
94,2717,32,95,38.8,0.1,0.13
95,547,26,40,25.6,0.1,0.1
96,491,30,40,29.4,0.1,0.1
97,687,31,45,30.4,0.1,0.1
98,2325,32,85,37.2,0.1,0.1
99,2437,24,85,27.0,0.1,0.22
100,1737,31,70,33.1,0.1,0.1
101,1513,32,65,33.6,0.1,0.1
102,1471,35,65,36.9,0.1,0.04
103,169,23,30,23.6,0.1,0.14
104,2143,32,80,36.5,0.1,0.08
105,1303,32,60,32.9,0.1,0.1
106,1989,28,75,30.3,0.1,0.3
107,2969,28,100,33.4,0.1,0.64
108,2535,31,90,36.5,0.1,0.17
109,575,24,40,23.8,0.1,0.1
110,2578,28,90,31.4,0.3,0.65
111,2172,30,80,33.1,0.3,0.34
112,2816,25,95,28.0,0.3,0.54
113,226,34,35,32.1,0.3,0.1
114,1612,25,65,25.3,0.3,0.33
115,1290,33,60,32.9,0.3,0.13
116,422,35,40,33.1,0.3,0.1
117,436,34,40,32.1,0.3,0.1
118,1136,29,55,28.1,0.3,0.16
119,1318,31,60,30.8,0.3,0.19
120,702,30,45,28.2,0.3,0.1
121,1864,22,70,22.6,0.3,0.77
122,380,23,35,22.6,0.3,0.3
123,1430,23,60,22.9,0.3,0.63
124,156,24,30,23.0,0.3,0.3
125,478,31,40,29.2,0.3,0.1
126,688,31,45,29.2,0.3,0.1
127,1780,28,70,28.8,0.3,0.26
128,44,32,30,30.0,0.3,0.1
129,674,32,45,30.2,0.3,0.1
130,352,25,35,23.8,0.3,0.14
131,1850,23,70,23.8,0.3,0.58
132,2802,26,95,28.5,0.3,0.72
133,562,25,40,23.9,0.3,0.18
134,2494,20,85,24.0,0.3,0.31
135,982,25,50,24.1,0.3,0.35
136,912,30,50,28.3,0.3,0.14
137,2382,28,85,30.8,0.3,0.59
138,1570,28,65,28.2,0.3,0.14
139,30,33,30,31.0,0.3,0.1
140,1626,24,65,24.6,0.3,0.36
141,2480,21,85,24.6,0.3,0.34
142,618,21,40,21.3,0.3,0.45
143,548,26,40,24.7,0.3,0.14
144,2004,27,75,28.1,0.3,0.19
145,2872,21,95,25.6,0.3,0.36
146,338,26,35,24.6,0.3,0.1
147,2788,27,95,29.6,0.3,0.73
148,1052,35,55,34.1,0.3,0.1
149,2158,31,80,34.3,0.3,0.27
150,1934,32,75,34.5,0.3,0.22
151,1486,34,65,34.7,0.3,0.16
152,1038,21,50,19.8,0.3,1.07
153,2340,31,85,34.8,0.3,0.38
154,2410,26,85,27.6,0.3,0.54
155,1262,35,60,35.0,0.3,0.11
156,2144,32,80,35.6,0.3,0.17
157,716,29,45,27.3,0.3,0.1
158,3068,21,100,26.0,0.3,0.41
159,2942,30,100,36.5,0.3,0.4
160,2018,26,75,27.0,0.3,0.35
161,1682,35,70,36.6,0.3,0.15
162,2522,32,90,37.0,0.3,0.28
163,2424,25,85,27.0,0.3,0.51
164,2116,34,80,37.4,0.3,0.18
165,1948,31,75,33.3,0.3,0.27
166,296,29,35,27.1,0.3,0.1
167,2312,35,85,39.3,0.3,0.17
168,353,25,35,23.0,0.5,0.47
169,997,24,50,22.9,0.5,0.58
170,2593,27,90,28.4,0.5,0.71
171,2285,22,80,22.6,0.5,1.06
172,1753,30,70,30.6,0.5,0.37
173,2985,27,100,29.4,0.5,1.2
174,675,32,45,29.1,0.5,0.14
175,227,34,35,30.8,0.5,0.1
176,2705,35,95,39.7,0.5,0.45
177,745,27,45,24.6,0.5,0.45
178,1081,33,55,31.0,0.5,0.3
179,2761,29,95,34.3,0.5,0.49
180,1473,35,65,34.7,0.5,0.41
181,2579,28,90,30.6,0.5,0.56
182,2747,30,95,34.9,0.5,0.54
183,465,32,40,28.9,0.5,0.1
184,661,33,45,30.1,0.5,0.16
185,2061,23,75,23.5,0.5,0.85
186,983,25,50,23.5,0.5,0.58
187,563,25,40,23.2,0.5,0.51
188,2621,25,90,27.0,0.5,0.69
189,1977,29,75,30.2,0.5,0.4
190,1571,28,65,27.4,0.5,0.33
191,1417,24,60,23.7,0.5,0.56
192,1851,23,70,23.1,0.5,0.82
193,1095,32,55,30.0,0.5,0.21
194,493,30,40,26.9,0.5,0.23
195,2411,26,85,27.0,0.5,0.75
196,2229,26,80,26.7,0.5,0.66
197,2733,31,95,35.5,0.5,0.59
198,2551,30,90,34.1,0.5,0.54
199,2635,24,90,26.4,0.5,0.65
200,2859,22,95,25.6,0.5,0.63
201,1935,32,75,33.6,0.5,0.47
202,2649,23,90,25.8,0.5,0.62
203,1725,32,70,32.5,0.5,0.48
204,2803,26,95,27.9,0.5,0.88
205,1487,34,65,33.7,0.5,0.42
206,1599,26,65,25.3,0.5,0.6
207,2439,24,85,25.9,0.5,0.64
208,2453,23,85,25.3,0.5,0.61
209,1515,32,65,31.7,0.5,0.37
210,269,31,35,27.8,0.5,0.1
211,619,21,40,20.3,0.5,0.83
212,2019,26,75,26.2,0.5,0.65
213,1347,29,60,27.9,0.5,0.21
214,311,28,35,25.1,0.5,0.28
215,507,29,40,26.0,0.5,0.3
216,3013,25,100,27.9,0.5,0.95
217,2873,21,95,25.0,0.5,0.6
218,2397,27,85,27.9,0.5,0.68
219,2033,25,75,25.5,0.5,0.65
220,2047,24,75,24.8,0.5,0.65
221,1949,31,75,32.5,0.5,0.48
222,3083,20,100,24.9,0.5,0.57
223,927,29,50,26.3,0.5,0.44
224,2188,29,80,30.1,0.7,0.2
225,578,24,40,22.0,0.7,0.69
226,2510,35,90,37.7,0.7,0.66
227,1628,24,65,23.7,0.7,0.68
228,2090,21,75,20.6,0.7,1.22
229,648,34,45,29.4,0.7,0.35
230,1880,21,70,20.1,0.7,1.25
231,2314,35,85,36.9,0.7,0.66
232,1418,24,60,23.2,0.7,0.73
233,1264,35,60,32.1,0.7,0.18
234,228,34,35,29.1,0.7,0.18
235,634,35,45,30.2,0.7,0.31
236,410,21,35,20.5,0.7,0.76
237,1586,27,65,25.5,0.7,0.77
238,2426,25,85,25.9,0.7,0.85
239,326,27,35,23.5,0.7,0.64
240,886,32,50,27.9,0.7,0.6
241,536,27,40,23.7,0.7,0.68
242,998,24,50,22.3,0.7,0.76
243,1698,34,70,33.0,0.7,0.66
244,746,27,45,23.8,0.7,0.74
245,1866,22,70,21.3,0.7,1.11
246,2398,27,85,27.2,0.7,0.89
247,2664,22,90,24.6,0.7,0.79
248,1852,23,70,22.7,0.7,0.92
249,1138,29,55,26.3,0.7,0.61
250,2748,30,95,34.1,0.7,0.68
251,1754,30,70,29.6,0.7,0.21
252,914,30,50,26.3,0.7,0.67
253,704,30,45,26.2,0.7,0.57
254,242,33,35,28.3,0.7,0.23
255,1222,23,55,21.5,0.7,0.9
256,2622,25,90,26.4,0.7,0.87
257,1656,22,65,20.9,0.7,1.11
258,1068,34,55,30.4,0.7,0.37
259,396,22,35,20.9,0.7,0.74
260,2020,26,75,25.7,0.7,0.81
261,2230,26,80,26.2,0.7,0.82
262,2776,28,95,30.5,0.7,0.81
263,900,31,50,27.1,0.7,0.63
264,3000,26,100,27.8,0.7,1.23
265,1712,33,70,32.1,0.7,0.45
266,480,31,40,26.9,0.7,0.38
267,1334,30,60,28.0,0.7,0.43
268,1180,26,55,23.8,0.7,0.79
269,1432,23,60,21.9,0.7,0.91
270,298,29,35,25.1,0.7,0.47
271,117,27,30,22.7,0.9,0.87
272,271,31,35,25.7,0.9,0.69
273,663,33,45,27.1,0.9,0.91
274,1055,35,55,29.4,0.9,0.94
275,1349,29,60,26.3,0.9,0.79
276,453,33,40,27.0,0.9,0.78
277,2385,28,85,28.6,0.9,0.69
278,719,29,45,24.7,0.9,0.83
279,425,35,40,28.2,0.9,0.84
280,1083,33,55,28.1,0.9,0.9
281,3043,23,100,25.7,0.9,0.97
282,1783,28,70,26.6,0.9,0.8
283,1825,25,70,24.2,0.9,0.89
284,1615,25,65,23.7,0.9,0.9
285,2847,23,95,25.2,0.9,0.96
286,33,33,30,26.7,0.9,0.65
287,943,28,50,24.0,0.9,0.97
288,2875,21,95,24.0,0.9,0.9
289,1839,24,70,23.8,0.9,0.81
290,2203,28,80,27.9,0.9,0.74
291,215,35,35,28.1,0.9,0.7
292,1363,28,60,25.3,0.9,0.88
293,2259,24,80,24.3,0.9,0.96
294,3001,26,100,27.2,0.9,1.3
295,411,21,35,20.0,0.9,0.96
296,2329,32,85,33.3,0.9,0.79
297,971,26,50,22.7,0.9,0.99
298,369,24,35,21.3,0.9,0.88
299,2147,32,80,31.5,0.9,0.71
300,2161,31,80,30.8,0.9,0.56
301,2301,21,80,20.5,0.9,1.41
302,1013,23,50,20.6,0.9,1.12
303,1643,23,65,21.9,0.9,1.02
304,2077,22,75,21.3,0.9,1.23
305,775,25,45,22.1,0.9,0.9
306,2777,28,95,29.8,0.9,1.03
307,1489,34,65,30.5,0.9,0.74
308,999,24,50,21.8,0.9,0.89
309,621,21,40,19.5,0.9,1.12
310,2315,35,85,35.6,0.9,0.89
311,565,25,40,21.9,0.9,0.91
312,831,21,45,19.0,0.9,1.31
313,2357,30,85,31.7,0.9,0.74
314,1503,33,65,29.8,0.9,0.73
315,2959,29,100,33.5,0.9,0.77
316,2638,24,90,24.8,1.1,1.14
317,482,31,40,24.8,1.1,1.04
318,2568,29,90,31.2,1.1,0.6
319,1280,34,60,28.1,1.1,1.3
320,104,28,30,22.7,1.1,1.02
321,2106,35,80,31.1,1.1,1.63
322,2848,23,95,24.6,1.1,1.15
323,776,25,45,21.4,1.1,1.12
324,3058,22,100,24.5,1.1,1.12
325,496,30,40,24.3,1.1,1.01
326,2442,24,85,24.2,1.1,1.16
327,762,26,45,21.8,1.1,1.16
328,76,30,30,24.1,1.1,0.88
329,118,27,30,21.9,1.1,1.12
330,1504,33,65,28.4,1.1,1.15
331,720,29,45,23.9,1.1,1.05
332,566,25,40,21.3,1.1,1.11
333,2288,22,80,21.1,1.1,1.46
334,1224,23,55,20.6,1.1,1.18
335,3044,23,100,25.1,1.1,1.16
336,1070,34,55,27.1,1.1,1.45
337,2708,35,95,36.0,1.1,1.15
338,2792,27,95,26.7,1.1,1.4
339,1238,22,55,19.5,1.1,1.35
340,2722,32,95,34.0,1.1,1.08
341,1448,22,60,19.8,1.1,1.33
342,3016,25,100,26.3,1.1,1.25
343,398,22,35,19.9,1.1,1.14
344,2932,31,100,33.7,1.1,1.11
345,2596,27,90,26.2,1.1,1.36
346,1560,29,65,26.1,1.1,0.99
347,692,31,45,24.9,1.1,1.11
348,1980,29,75,27.6,1.1,0.86
349,202,21,30,20.0,1.1,1.01
350,188,22,30,20.1,1.1,1.14
351,2820,25,95,25.8,1.1,1.21
352,874,33,50,25.8,1.1,1.42
353,1014,23,50,20.2,1.1,1.23
354,1658,22,65,20.2,1.1,1.28
355,2400,27,85,25.7,1.1,1.35
356,2946,30,100,33.2,1.1,1.05
357,454,33,40,25.6,1.1,1.14
358,678,32,45,25.3,1.1,1.17
359,2764,29,95,32.0,1.1,0.89
360,2218,27,80,26.0,1.1,1.08
361,1826,25,70,23.8,1.1,1.01
362,1476,35,65,29.5,1.1,1.24
363,538,27,40,22.2,1.1,1.13
364,1714,33,70,29.3,1.1,1.03
365,2694,20,90,22.4,1.1,1.01
366,958,27,50,22.5,1.1,1.18
367,2148,32,80,29.9,1.1,1.09
368,2680,21,90,23.0,1.1,1.04
369,1420,24,60,22.3,1.1,0.98
370,2974,28,100,29.7,1.1,1.41
371,2778,28,95,29.0,1.1,1.22
372,2484,21,85,22.4,1.1,1.07
373,314,28,35,22.9,1.1,1.01
374,1225,23,55,20.4,1.3,1.24
375,2317,35,85,33.2,1.3,1.53
376,791,24,45,20.5,1.3,1.23
377,847,35,50,25.5,1.3,1.94
378,567,25,40,20.7,1.3,1.26
379,1379,27,60,23.1,1.3,1.25
380,2527,32,90,32.1,1.3,1.33
381,2737,31,95,32.1,1.3,1.35
382,861,34,50,25.2,1.3,1.8
383,217,35,35,25.1,1.3,1.49
384,1785,28,70,25.1,1.3,1.26
385,2331,32,85,31.4,1.3,1.15
386,2611,26,90,25.0,1.3,1.52
387,553,26,40,21.1,1.3,1.29
388,2765,29,95,31.2,1.3,0.96
389,1127,30,55,24.8,1.3,1.24
390,49,32,30,23.8,1.3,1.29
391,427,35,40,25.2,1.3,1.64
392,1869,22,70,20.2,1.3,1.38
393,2891,20,95,22.3,1.3,1.22
394,1519,32,65,27.1,1.3,1.34
395,1281,34,60,27.1,1.3,1.62
396,1043,21,50,18.0,1.3,1.58
397,1239,22,55,19.1,1.3,1.46
398,1981,29,75,26.8,1.3,1.1
399,1757,30,70,26.7,1.3,1.19
400,3087,20,100,22.8,1.3,1.23
401,399,22,35,19.4,1.3,1.34
402,1449,22,60,19.5,1.3,1.41
403,1841,24,70,22.8,1.3,1.07
404,189,22,30,19.6,1.3,1.39
405,1015,23,50,19.7,1.3,1.37
406,175,23,30,19.8,1.3,1.37
407,385,23,35,19.8,1.3,1.26
408,2513,35,90,34.0,1.3,1.42
409,1505,33,65,27.6,1.3,1.41
410,1547,30,65,26.0,1.3,1.25
411,2919,32,100,33.7,1.3,1.24
412,1393,26,60,22.5,1.3,1.23
413,2457,23,85,23.1,1.3,1.29
414,119,27,30,21.3,1.3,1.33
415,2835,24,95,24.7,1.3,1.34
416,2443,24,85,23.7,1.3,1.32
417,259,32,35,24.0,1.3,1.3
418,2863,22,95,23.5,1.3,1.28
419,1211,24,55,21.5,1.3,1.08
420,2429,25,85,24.3,1.3,1.36
421,483,31,40,23.8,1.3,1.28
422,1183,26,55,22.3,1.3,1.18
423,2639,24,90,24.2,1.3,1.33
424,2555,30,90,30.8,1.3,1.03
425,1197,25,55,21.9,1.3,1.13
426,2569,29,90,30.4,1.3,0.79
427,245,33,35,24.3,1.3,1.36
428,2037,25,75,23.8,1.3,1.18
429,2779,28,95,28.3,1.3,1.31
430,1477,35,65,28.6,1.3,1.53
431,3004,26,100,25.5,1.5,1.74
432,1758,30,70,25.9,1.5,1.45
433,64,31,30,22.5,1.5,1.51
434,2696,20,90,21.3,1.5,1.35
435,2108,35,80,30.0,1.5,1.85
436,918,30,50,23.0,1.5,1.55
437,1002,24,50,20.1,1.5,1.41
438,988,25,50,20.5,1.5,1.44
439,2668,22,90,22.5,1.5,1.43
440,148,25,30,19.9,1.5,1.54
441,820,22,45,18.5,1.5,1.54
442,414,21,35,18.5,1.5,1.77
443,1912,34,75,29.7,1.5,1.35
444,1450,22,60,19.1,1.5,1.53
445,92,29,30,22.0,1.5,1.36
446,806,23,45,19.2,1.5,1.46
447,1464,21,60,18.3,1.5,1.61
448,1184,26,55,22.1,1.5,1.23
449,2766,29,95,30.5,1.5,1.17
450,3074,21,100,22.9,1.5,1.42
451,652,34,45,24.0,1.5,1.97
452,582,24,40,19.8,1.5,1.41
453,2430,25,85,23.7,1.5,1.55
454,1380,27,60,22.5,1.5,1.41
455,1590,27,65,23.0,1.5,1.46
456,302,29,35,22.1,1.5,1.39
457,764,26,45,20.7,1.5,1.47
458,2542,31,90,30.4,1.5,1.42
459,1604,26,65,22.5,1.5,1.38
460,2248,25,80,23.2,1.5,1.52
461,316,28,35,21.5,1.5,1.41
462,2612,26,90,24.4,1.5,1.72
463,1212,24,55,21.3,1.5,1.13
464,1254,21,55,17.7,1.5,1.74
465,1100,32,55,25.1,1.5,1.58
466,2598,27,90,24.8,1.5,1.81
467,722,29,45,22.4,1.5,1.44
468,1338,30,60,24.4,1.5,1.53
469,1114,31,55,24.6,1.5,1.5
470,22,34,30,23.4,1.5,1.73
471,2822,25,95,24.8,1.5,1.53
472,1044,21,50,17.7,1.5,1.68
473,1324,31,60,24.9,1.5,1.6
474,1772,29,70,25.2,1.5,1.45
475,1366,28,60,23.2,1.5,1.43
476,638,35,45,24.3,1.5,2.12
477,2038,25,75,23.4,1.5,1.29
478,2725,32,95,31.1,1.7,1.73
479,1549,30,65,24.6,1.7,1.66
480,989,25,50,19.6,1.7,1.71
481,289,30,35,21.9,1.7,1.6
482,121,27,30,19.7,1.7,1.82
483,2627,25,90,23.7,1.7,1.72
484,2333,32,85,29.5,1.7,1.46
485,499,30,40,22.0,1.7,1.64
486,485,31,40,22.4,1.7,1.7
487,1843,24,70,21.4,1.7,1.44
488,1017,23,50,18.5,1.7,1.74
489,1675,21,65,18.3,1.7,1.68
490,2739,31,95,30.3,1.7,1.71
491,2543,31,90,29.6,1.7,1.53
492,597,23,40,18.5,1.7,1.71
493,779,25,45,19.4,1.7,1.72
494,1003,24,50,19.2,1.7,1.68
495,569,25,40,19.2,1.7,1.72
496,2669,22,90,21.9,1.7,1.61
497,1255,21,55,17.5,1.7,1.79
498,2263,24,80,21.9,1.7,1.67
499,1717,33,70,26.9,1.7,1.8
500,1087,33,55,24.6,1.7,1.95
501,2305,21,80,18.7,1.7,1.94
502,2095,21,75,18.7,1.7,1.75
503,9,35,30,23.4,1.7,1.92
504,149,25,30,18.8,1.7,2.09
505,135,26,30,19.1,1.7,2.03
506,793,24,45,19.0,1.7,1.68
507,905,31,50,22.8,1.7,1.84
508,2347,31,85,28.7,1.7,1.38
509,933,29,50,21.8,1.7,1.72
510,457,33,40,23.1,1.7,1.84
511,2823,25,95,24.2,1.7,1.73
512,527,28,40,20.8,1.7,1.69
513,1521,32,65,25.6,1.7,1.81
514,1423,24,60,20.3,1.7,1.49
515,751,27,45,20.3,1.7,1.76
516,1633,24,65,20.8,1.7,1.44
517,2641,24,90,23.1,1.7,1.69
518,1199,25,55,20.5,1.7,1.51
519,723,29,45,21.7,1.7,1.65
520,2949,30,100,30.7,1.7,1.64
521,961,27,50,20.5,1.7,1.78
522,1283,34,60,25.5,1.7,2.1
523,2445,24,85,22.5,1.7,1.69
524,317,28,35,20.6,1.7,1.69
525,2123,34,80,28.4,1.7,2.0
526,37,33,30,22.6,1.7,1.82
527,1997,28,75,24.2,1.7,1.71
528,1829,25,70,21.7,1.7,1.57
529,1157,28,55,22.1,1.7,1.55
530,849,35,50,24.0,1.7,2.24
531,23,34,30,23.0,1.7,1.87
532,1577,28,65,23.0,1.7,1.67
533,1101,32,55,24.4,1.7,1.78
534,1185,26,55,20.9,1.7,1.55
535,2039,25,75,22.2,1.7,1.61
536,3061,22,100,23.0,1.7,1.61
537,1927,33,75,27.8,1.7,1.68
538,1269,35,60,25.8,1.7,2.25
539,1535,31,65,25.1,1.7,1.73
540,1059,35,55,25.1,1.7,2.26
541,1129,30,55,23.4,1.7,1.62
542,2110,35,80,27.8,1.9,2.34
543,2572,29,90,28.1,1.9,1.29
544,1242,22,55,17.7,1.9,1.91
545,1032,22,50,17.2,1.9,2.0
546,1914,34,75,27.2,1.9,2.13
547,836,21,45,17.3,1.9,1.93
548,2124,34,80,27.6,1.9,2.23
549,1886,21,70,18.4,1.9,1.75
550,276,31,35,21.6,1.9,1.88
551,1872,22,70,19.0,1.9,1.73
552,2278,23,80,20.2,1.9,1.95
553,2698,20,90,20.2,1.9,1.65
554,346,26,35,18.3,1.9,2.14
555,3006,26,100,24.3,1.9,2.11
556,3020,25,100,24.3,1.9,1.86
557,1074,34,55,24.2,1.9,2.24
558,1648,23,65,19.3,1.9,1.72
559,2796,27,95,23.9,1.9,2.32
560,1326,31,60,23.8,1.9,1.92
561,1396,26,60,20.0,1.9,1.96
562,192,22,30,18.2,1.9,2.3
563,906,31,50,22.3,1.9,2.0
564,850,35,50,23.5,1.9,2.34
565,2208,28,80,23.4,1.9,2.13
566,1564,29,65,23.4,1.9,1.78
567,2600,27,90,23.4,1.9,2.28
568,962,27,50,19.6,1.9,2.1
569,472,32,40,22.3,1.9,1.92
570,248,33,35,22.4,1.9,1.98
571,1998,28,75,23.2,1.9,2.0
572,2838,24,95,23.1,1.9,1.85
573,3048,23,100,23.1,1.9,1.8
574,682,32,45,22.5,1.9,1.99
575,654,34,45,23.1,1.9,2.21
576,878,33,50,23.1,1.9,2.2
577,668,33,45,22.9,1.9,2.09
578,10,35,30,22.9,1.9,2.1
579,1410,25,60,19.7,1.9,1.87
580,710,30,45,21.6,1.9,1.88
581,1284,34,60,24.8,1.9,2.27
582,1452,22,60,18.1,1.9,1.86
583,1270,35,60,25.1,1.9,2.27
584,514,29,40,20.8,1.9,1.88
585,2978,28,100,26.7,1.9,1.99
586,794,24,45,18.0,1.9,2.01
587,206,21,30,18.6,1.9,2.05
588,2166,31,80,26.4,1.9,1.85
589,570,25,40,18.1,1.9,2.1
590,2474,22,85,20.8,1.9,1.73
591,934,29,50,21.1,1.9,1.96
592,290,30,35,21.2,1.9,1.83
593,1732,32,70,25.8,1.9,1.94
594,2180,30,80,25.7,1.9,1.85
595,1494,34,65,25.6,1.9,2.27
596,2586,28,90,25.5,1.9,1.81
597,2880,21,95,21.3,1.9,1.74
598,234,34,35,22.7,1.9,2.07
599,1368,28,60,21.6,1.9,1.9
600,332,27,35,18.9,1.9,2.1
601,2460,23,85,21.4,1.9,1.77
602,1831,25,70,20.0,2.1,2.08
603,879,33,50,22.6,2.1,2.23
604,179,23,30,17.2,2.1,2.5
605,1467,21,60,17.3,2.1,1.95
606,991,25,50,18.0,2.1,2.3
607,1677,21,65,17.7,2.1,1.9
608,1999,28,75,22.6,2.1,2.18
609,1453,22,60,17.7,2.1,2.0
610,263,32,35,21.5,2.1,2.11
611,2685,21,90,20.3,2.1,1.84
612,2853,23,95,22.0,2.1,1.98
613,2923,32,100,29.6,2.1,2.05
614,2055,24,75,20.1,2.1,2.01
615,137,26,30,17.5,2.1,2.37
616,935,29,50,20.6,2.1,2.14
617,2027,26,75,20.5,2.1,2.23
618,711,30,45,21.0,2.1,2.09
619,53,32,30,21.2,2.1,2.13
620,683,32,45,22.0,2.1,2.16
621,1005,24,50,17.6,2.1,2.25
622,2643,24,90,22.1,2.1,1.99
623,1593,27,65,20.4,2.1,2.2
624,305,29,35,20.1,2.1,2.04
625,361,25,35,17.3,2.1,2.33
626,1355,29,60,22.1,2.1,1.98
627,2461,23,85,20.8,2.1,1.96
628,235,34,35,22.3,2.1,2.22
629,2699,20,90,19.7,2.1,1.79
630,655,34,45,22.7,2.1,2.29
631,2293,22,80,19.1,2.1,2.05
632,599,23,40,17.2,2.1,2.05
633,1495,34,65,24.9,2.1,2.28
634,109,28,30,19.0,2.1,2.19
635,1411,25,60,19.0,2.1,2.12
636,1257,21,55,16.9,2.1,2.0
637,1957,31,75,25.4,2.1,2.02
638,1887,21,70,18.1,2.1,1.85
639,333,27,35,18.3,2.1,2.35
640,1663,22,65,18.1,2.1,1.95
641,1691,35,70,25.9,2.1,2.3
642,1943,32,75,25.9,2.1,2.1
643,2083,22,75,18.8,2.1,1.95
644,1047,21,50,16.5,2.1,2.08
645,543,27,40,18.6,2.1,2.3
646,1929,33,75,26.1,2.1,2.27
647,977,26,50,18.5,2.1,2.31
648,2363,30,85,26.9,2.1,1.64
649,1187,26,55,18.9,2.1,2.26
650,1271,35,60,24.5,2.1,2.3
651,2587,28,90,24.8,2.1,2.05
652,501,30,40,20.8,2.1,2.07
653,3035,24,100,23.1,2.1,2.04
654,1621,25,65,19.5,2.1,2.07
655,529,28,40,19.4,2.1,2.19
656,1397,26,60,19.3,2.1,2.21
657,3021,25,100,23.7,2.1,2.07
658,1341,30,60,22.8,2.1,2.0
659,2321,35,85,28.3,2.1,2.44
660,641,35,45,23.0,2.1,2.38
661,2517,35,90,29.2,2.1,2.44
662,1818,26,70,19.7,2.3,2.28
663,1412,25,60,18.6,2.3,2.27
664,1370,28,60,20.6,2.3,2.19
665,1454,22,60,17.3,2.3,2.15
666,712,30,45,20.5,2.3,2.28
667,2476,22,85,19.7,2.3,2.06
668,1636,24,65,18.8,2.3,2.09
669,2252,25,80,20.4,2.3,2.24
670,502,30,40,20.4,2.3,2.22
671,1230,23,55,17.3,2.3,2.25
672,488,31,40,20.7,2.3,2.31
673,936,29,50,20.2,2.3,2.29
674,530,28,40,19.1,2.3,2.3
675,1832,25,70,19.5,2.3,2.2
676,1678,21,65,17.3,2.3,2.04
677,1804,27,70,20.4,2.3,2.25
678,838,21,45,16.8,2.3,2.15
679,2462,23,85,20.3,2.3,2.11
680,320,28,35,19.0,2.3,2.27
681,1174,27,55,19.2,2.3,2.35
682,2672,22,90,20.3,2.3,2.07
683,600,23,40,17.0,2.3,2.13
684,2070,23,75,19.2,2.3,2.06
685,3092,20,100,20.2,2.3,2.03
686,2028,26,75,20.2,2.3,2.25
687,306,29,35,19.7,2.3,2.18
688,2686,21,90,19.7,2.3,2.02
689,124,27,30,18.0,2.3,2.38
690,446,34,40,22.0,2.3,2.43
691,1118,31,55,21.9,2.3,2.21
692,2924,32,100,28.6,2.3,2.27
693,880,33,50,22.0,2.3,2.43
694,2980,28,100,25.2,2.3,2.36
695,2210,28,80,22.5,2.3,2.27
696,2784,28,95,24.7,2.3,2.29
697,1790,28,70,21.8,2.3,2.23
698,852,35,50,22.6,2.3,2.47
699,1482,35,65,24.7,2.3,2.37
700,558,26,40,17.8,2.3,2.43
701,1972,30,75,24.3,2.3,2.13
702,2938,31,100,28.4,2.3,2.19
703,3008,26,100,23.2,2.3,2.34
704,1538,31,65,23.3,2.3,2.26
705,3036,24,100,22.6,2.3,2.23
706,2742,31,95,27.7,2.3,2.24
707,1748,31,70,24.0,2.3,2.26
708,2364,30,85,26.1,2.3,1.89
709,2112,35,80,26.0,2.3,2.37
710,138,26,30,17.5,2.3,2.37
711,418,21,35,17.9,2.3,2.12
712,628,21,40,17.4,2.3,2.06
713,1888,21,70,17.6,2.3,2.03
714,572,25,40,17.4,2.3,2.39
715,40,33,30,21.1,2.3,2.37
716,2448,24,85,20.9,2.3,2.16
717,979,26,50,17.9,2.5,2.51
718,2183,30,80,24.3,2.5,2.3
719,2337,32,85,25.6,2.5,2.34
720,615,22,40,17.0,2.5,2.28
721,2953,30,100,27.4,2.5,2.28
722,545,27,40,18.2,2.5,2.46
723,1385,27,60,19.3,2.5,2.41
724,2491,21,85,18.5,2.5,2.19
725,1455,22,60,17.0,2.5,2.26
726,1931,33,75,24.8,2.5,2.3
727,1651,23,65,17.8,2.5,2.26
728,2099,21,75,17.8,2.5,2.06
729,2365,30,85,25.3,2.5,2.21
730,1231,23,55,16.9,2.5,2.4
731,195,22,30,17.8,2.5,2.37
732,1399,26,60,18.6,2.5,2.47
733,2351,31,85,25.3,2.5,2.34
734,825,22,45,16.6,2.5,2.17
735,531,28,40,18.9,2.5,2.37
736,601,23,40,16.8,2.5,2.21
737,587,24,40,16.7,2.5,2.46
738,2925,32,100,27.6,2.5,2.43
739,993,25,50,17.3,2.5,2.52
740,1287,34,60,23.1,2.5,2.52
741,727,29,45,19.6,2.5,2.41
742,2407,27,85,20.7,2.5,2.54
743,909,31,50,20.6,2.5,2.47
744,2855,23,95,20.9,2.5,2.29
745,783,25,45,17.3,2.5,2.49
746,461,33,40,21.0,2.5,2.49
747,1357,29,60,21.3,2.5,2.2
748,2239,26,80,20.4,2.5,2.32
749,27,34,30,21.4,2.5,2.46
750,1791,28,70,21.4,2.5,2.23
751,2617,26,90,21.4,2.5,2.29
752,2631,25,90,21.6,2.5,2.29
753,1861,23,70,18.3,2.5,2.18
754,489,31,40,20.2,2.5,2.49
755,867,34,50,21.8,2.5,2.46
756,1875,22,70,17.7,2.5,2.19
757,923,30,50,20.2,2.5,2.48
758,349,26,35,17.6,2.5,2.43
759,2995,27,100,22.2,2.5,2.48
760,1217,24,55,17.3,2.5,2.45
761,643,35,45,22.2,2.5,2.46
762,503,30,40,19.9,2.5,2.4
763,2673,22,90,19.8,2.5,2.23
764,1553,30,65,22.5,2.5,2.24
765,2393,28,85,22.7,2.5,2.29
766,2883,21,95,19.7,2.5,2.22
767,3023,25,100,22.7,2.5,2.33
768,1063,35,55,22.9,2.5,2.5
769,685,32,45,20.8,2.5,2.48
770,69,31,30,19.7,2.5,2.49
771,1749,31,70,23.3,2.5,2.26
772,713,30,45,20.1,2.5,2.43
773,1049,21,50,16.1,2.5,2.25
